Tanggal;Hari;Sesi;Jumlah_Pengunjung;Throughput (Mbps);Latency (ms);Jitter (ms);Packet_Loss (%)
2026-08-04;Selasa;Pagi (09:00 - 09:30);9;0,3802;43,71;97,20;1,45
2026-08-04;Selasa;Siang (12:00 - 12:30);20;1,0000;477,55;553,54;1,28
2026-08-04;Selasa;Sore (15:00 - 15:30);16;0,0387;27,35;58,13;0,45
2026-08-05;Rabu;Pagi (09:00 - 09:30);9;0,5029;28,35;46,46;0,70
2026-08-05;Rabu;Siang (12:00 - 12:30);26;0,5876;43,58;98,06;0,37
2026-08-05;Rabu;Sore (15:00 - 15:30);26;1,1139;53,11;118,98;0,36
2026-08-06;Kamis;Pagi (09:00 - 09:30);9;1,8868;38,64;79,46;0,88
2026-08-06;Kamis;Siang (12:00 - 12:30);57;0,8473;28,16;39,06;0,52
2026-08-06;Kamis;Sore (15:00 - 15:30);31;0,9162;62,26;145,56;1,35
