,Tanggal,Jam,Hari,Estimasi Orang,Throughput (Mbps),Latency (ms),Jitter (ms),Packet Loss (%)
0,2026-08-04,09:00,Selasa,9,0.92,29.34,42.13,2.64
1,2026-08-04,12:00,Selasa,14,0.96,33.62,52.07,1.98
2,2026-08-04,15:00,Selasa,16,1.02,32.61,50.75,1.35
3,2026-08-05,09:00,Rabu,9,1.09,30.09,46.83,1.03
4,2026-08-05,12:00,Rabu,14,1.27,34.63,56.02,0.47
5,2026-08-05,15:00,Rabu,16,1.24,32.54,51.15,0.29
6,2026-08-06,09:00,Kamis,9,1.02,31.18,49.84,0.35
7,2026-08-06,12:00,Kamis,14,1.15,36.04,60.8,0.28
8,2026-08-06,15:00,Kamis,16,1.15,33.8,55.23,0.28
