Tanggal;Hari;Jam;Orang;Throughput;Latency;Jitter;Packet_Loss
13/07/2026;Senin;09:00;7;2.4434;38.89;95.65;0
13/07/2026;Senin;09:05;7;1.0679;75.24;228.36;0
13/07/2026;Senin;09:10;7;1.294;47.13;94.18;3.76
13/07/2026;Senin;09:15;7;1.2917;137.34;265.73;1.11
13/07/2026;Senin;09:20;7;1.29;22.86;22.54;1
13/07/2026;Senin;09:25;7;1.1942;158.84;394.83;0
13/07/2026;Senin;12:00;22;1.0127;191.55;482.32;2.99
13/07/2026;Senin;12:05;22;1.3672;29.21;43.3;0.42
13/07/2026;Senin;12:10;22;1.3263;27.07;32.78;0.26
13/07/2026;Senin;12:15;22;1.3033;27.87;36.81;1.51
13/07/2026;Senin;12:20;22;1.1869;43.23;128.96;2.64
13/07/2026;Senin;12:25;22;1.2778;24.55;28.8;0
13/07/2026;Senin;15:00;28;1.0996;23.13;28.03;0
13/07/2026;Senin;15:05;28;1.1611;32.11;40.39;1.7
13/07/2026;Senin;15:10;28;1.2155;52.57;111.88;8.47
13/07/2026;Senin;15:15;28;0.1986;34.88;60;0
13/07/2026;Senin;15:20;28;0.2042;114.81;242.76;0
13/07/2026;Senin;15:25;28;0.2004;40.14;73.24;1.97
14/07/2026;Selasa;09:00;8;1.1423;20.3;24.4;0.4
14/07/2026;Selasa;09:05;8;1.0911;38.2;157.27;0.36
14/07/2026;Selasa;09:10;8;1.139;21.1;34.46;0
14/07/2026;Selasa;09:15;8;1.1312;20.36;19.97;0.33
14/07/2026;Selasa;09:20;8;1.1389;102.51;266.36;0
14/07/2026;Selasa;09:25;8;1.1469;88.41;204.8;1.23
14/07/2026;Selasa;12:00;19;1.2816;142.26;162.28;1.02
14/07/2026;Selasa;12:05;19;1.5045;91.78;120.09;0.81
14/07/2026;Selasa;12:10;19;1.3633;36.12;56.08;0.75
14/07/2026;Selasa;12:15;19;1.2503;40.53;103.15;0.31
14/07/2026;Selasa;12:20;19;1.3651;55.97;31.05;0.31
14/07/2026;Selasa;12:25;19;1.4165;15;101.48;0
14/07/2026;Selasa;15:00;23;1.567;21.08;18.86;0
14/07/2026;Selasa;15:05;23;1.4221;21.71;23.18;0
14/07/2026;Selasa;15:10;23;1.4706;26.43;35.63;0.32
14/07/2026;Selasa;15:15;23;1.6251;19.09;16.78;3.23
14/07/2026;Selasa;15:20;23;1.5835;55.13;79.74;0.68
14/07/2026;Selasa;15:25;23;1.2574;45.28;82.62;0.4
15/07/2026;Rabu;09:00;4;1.4427;26.7;59.87;0.67
15/07/2026;Rabu;09:05;4;1.1746;21.22;17.4;1.76
15/07/2026;Rabu;09:10;4;1.1585;22.33;25.06;1.08
15/07/2026;Rabu;09:15;4;1.1543;22.26;23.46;2
15/07/2026;Rabu;09:20;4;1.0975;26.82;45.15;3.79
15/07/2026;Rabu;09:25;4;1.1209;22.74;37.67;1.12
15/07/2026;Rabu;12:00;12;1.3441;20.7;22.72;0.86
15/07/2026;Rabu;12:05;12;1.2514;22.3;22.42;1.94
15/07/2026;Rabu;12:10;12;1.2667;28.48;79.89;0.39
15/07/2026;Rabu;12:15;12;1.2606;41.38;95.31;1
15/07/2026;Rabu;12:20;12;1.2834;19.87;22.99;1.4
15/07/2026;Rabu;12:25;12;1.2523;31.72;35.9;1.25
15/07/2026;Rabu;15:00;19;1.279;21.28;24.69;2.11
15/07/2026;Rabu;15:05;19;1.2568;46.96;171.36;0.82
15/07/2026;Rabu;15:10;19;1.3537;33.92;64.24;1.08
15/07/2026;Rabu;15:15;19;1.1976;41.35;68.24;2.09
15/07/2026;Rabu;15:20;19;1.3399;32.01;52.62;0.97
15/07/2026;Rabu;15:25;19;0.9673;18.87;7.07;5.56
16/07/2026;Kamis;09:00;4;1.3284;19.69;22.93;0
16/07/2026;Kamis;09:05;4;1.2238;29.56;57.52;2.9
16/07/2026;Kamis;09:10;4;1.2082;40.54;100.86;2.51
16/07/2026;Kamis;09:15;4;3.9576;28.78;62.22;2.48
16/07/2026;Kamis;09:20;4;1.1046;26.74;38.62;0
16/07/2026;Kamis;09:25;4;1.05;22.55;20.44;3.27
16/07/2026;Kamis;12:00;19;1.199;17.89;11.69;3.75
16/07/2026;Kamis;12:05;19;1.1893;52.05;107.07;1.25
16/07/2026;Kamis;12:10;19;0.8832;215.56;680.93;0
16/07/2026;Kamis;12:15;19;0.9631;30.67;42.34;0.4
16/07/2026;Kamis;12:20;19;1.0579;30.12;49.99;1.45
16/07/2026;Kamis;12:25;19;0.9464;27.14;44.41;1.27
16/07/2026;Kamis;15:00;14;2.0325;23.78;38.32;0
16/07/2026;Kamis;15:05;14;3.9218;25.64;42.76;0
16/07/2026;Kamis;15:10;14;2.8738;122.27;426.32;0.92
16/07/2026;Kamis;15:15;14;3.1563;72.93;242.1;0
16/07/2026;Kamis;15:20;14;3.146;19.45;21.9;4.3
16/07/2026;Kamis;15:25;14;3.1106;18.34;13.87;2.87
17/07/2026;Jumat;09:00;5;1.3698;21.83;20.02;0.56
17/07/2026;Jumat;09:05;5;1.3556;21.5;28.96;0.29
17/07/2026;Jumat;09:10;5;1.1904;21.18;22.21;4.66
17/07/2026;Jumat;09:15;5;1.2584;21.33;18.82;1.08
17/07/2026;Jumat;09:20;5;1.3073;22.6;31.54;0.61
17/07/2026;Jumat;09:25;5;1.3103;22.32;25.51;0.54
17/07/2026;Jumat;12:00;6;1.2539;43.79;185.05;1.62
17/07/2026;Jumat;12:05;6;2.227;20.63;20.97;1.4
17/07/2026;Jumat;12:10;6;0.7606;20.71;21.46;1.19
17/07/2026;Jumat;12:15;6;0.783;26.45;43.95;4.23
17/07/2026;Jumat;12:20;6;1.0735;19.93;19.64;0
17/07/2026;Jumat;12:25;6;0.8534;18.7;18.2;0
17/07/2026;Jumat;15:00;8;1.2771;24.69;26.86;0
17/07/2026;Jumat;15:05;8;1.275;25.77;29.27;0
17/07/2026;Jumat;15:10;8;1.2315;27.38;32.44;0.5
17/07/2026;Jumat;15:15;8;2.1534;85.35;159.28;0.54
17/07/2026;Jumat;15:20;8;1.2623;23.78;27.96;0
17/07/2026;Jumat;15:25;8;2.3836;27.35;30.45;0
18/07/2026;Sabtu;09:00;2;0.6377;46.11;206.84;1.18
18/07/2026;Sabtu;09:05;2;0.7615;22.99;31.71;6.22
18/07/2026;Sabtu;09:10;2;0.8416;24.08;39.43;1.54
18/07/2026;Sabtu;09:15;2;0.7315;21.17;27.69;0.56
18/07/2026;Sabtu;09:20;2;0.741;19.69;18.57;1
18/07/2026;Sabtu;09:25;2;0.7124;121;220.74;3.02
18/07/2026;Sabtu;12:00;3;0.8303;22.1;28.12;1.11
18/07/2026;Sabtu;12:05;3;0.835;19.15;22.11;0.5
18/07/2026;Sabtu;12:10;3;0.8821;18.46;17.9;0
18/07/2026;Sabtu;12:15;3;0.8537;19.24;25.79;0
18/07/2026;Sabtu;12:20;3;0.8007;30.11;67.28;1
18/07/2026;Sabtu;12:25;3;0.8286;20.72;20.22;0
18/07/2026;Sabtu;15:00;3;0.8937;18.33;22.71;0
18/07/2026;Sabtu;15:05;3;0.8446;19.49;22.96;0
18/07/2026;Sabtu;15:10;3;0.8218;19.12;22.01;0
18/07/2026;Sabtu;15:15;3;0.7965;19.48;22.26;0.97
18/07/2026;Sabtu;15:20;3;0.7807;19.19;23.77;0
18/07/2026;Sabtu;15:25;3;0.8189;18.91;21.28;1.11
19/07/2026;Minggu;09:00;2;0.8855;21.96;45.35;1.08
19/07/2026;Minggu;09:05;2;0.87;15;7.49;1.15
19/07/2026;Minggu;09:10;2;0.9751;15;5;1.03
19/07/2026;Minggu;09:15;2;1.1152;15.68;33.73;1.02
19/07/2026;Minggu;09:20;2;0.9175;15;49.57;1.02
19/07/2026;Minggu;09:25;2;1.0145;15;35.62;0.99
19/07/2026;Minggu;12:00;2;1.0547;55.12;30.47;0.66
19/07/2026;Minggu;12:05;2;1.1083;36.03;125.72;0.56
19/07/2026;Minggu;12:10;2;1.0073;35.12;5;0.66
19/07/2026;Minggu;12:15;2;1.178;15;5;0.31
19/07/2026;Minggu;12:20;2;1.2424;15;5;0.4
19/07/2026;Minggu;12:25;2;1.1808;39.1;155.41;0.44
19/07/2026;Minggu;15:00;2;1.3041;22.09;29.41;0.72
19/07/2026;Minggu;15:05;2;1.2734;15;67.35;0.4
19/07/2026;Minggu;15:10;2;1.4502;15;48.57;0.56
19/07/2026;Minggu;15:15;2;1.2268;15;5;0.19
19/07/2026;Minggu;15:20;2;1.2508;50.33;5;0.07
19/07/2026;Minggu;15:25;2;1.5568;46.43;5;0.09
20/07/2026;Senin;09:00;8;1.4735;24.22;30.11;0
20/07/2026;Senin;09:05;8;1.5468;20.81;24.59;0
20/07/2026;Senin;09:10;8;1.9624;20.7;14.46;0.27
20/07/2026;Senin;09:15;8;1.1971;23.51;25.9;0
20/07/2026;Senin;09:20;8;1.059;29.36;76.79;0.61
20/07/2026;Senin;09:25;8;1.0714;23.69;25.31;0
20/07/2026;Senin;12:00;13;0.8134;21.58;23.31;0
20/07/2026;Senin;12:05;13;1.3223;21.89;22;0
20/07/2026;Senin;12:10;13;1.3037;20.62;20.7;5.11
20/07/2026;Senin;12:15;13;1.3357;18.96;17.35;0
20/07/2026;Senin;12:20;13;1.4299;21.53;29.42;0
20/07/2026;Senin;12:25;13;1.4157;20.53;17.76;0.29
20/07/2026;Senin;15:00;19;0.852;153.14;530.32;0.03
20/07/2026;Senin;15:05;19;1.1992;418.1;720.42;0
20/07/2026;Senin;15:10;19;0.9093;55.81;99.88;1.61
20/07/2026;Senin;15:15;19;0.9371;23.61;27.21;0
20/07/2026;Senin;15:20;19;0.9294;34.15;77.05;0.68
20/07/2026;Senin;15:25;19;0.9604;79.57;179.77;0.67
21/07/2026;Selasa;09:00;4;1.1756;20.54;21.05;0.83
21/07/2026;Selasa;09:05;4;1.0339;35.04;120.57;0.77
21/07/2026;Selasa;09:10;4;1.1735;20.71;20.3;0
21/07/2026;Selasa;09:15;4;1.0987;37.44;84.25;0.61
21/07/2026;Selasa;09:20;4;1.0705;21.53;21.33;0
21/07/2026;Selasa;09:25;4;1.0695;21.52;21.34;0
21/07/2026;Selasa;12:00;14;1.1735;31.11;96.87;0
21/07/2026;Selasa;12:05;14;1.1387;34.42;97.18;0.52
21/07/2026;Selasa;12:10;14;1.1116;37.83;127.87;0.54
21/07/2026;Selasa;12:15;14;1.1308;59.59;238.61;0
21/07/2026;Selasa;12:20;14;1.0782;38.11;96.14;1.46
21/07/2026;Selasa;12:25;14;1.1257;96.16;274.83;0
21/07/2026;Selasa;15:00;19;1.2056;30.94;44.23;0
21/07/2026;Selasa;15:05;19;1.1712;23.82;28.57;0.54
21/07/2026;Selasa;15:10;19;1.1045;39.66;114.78;3.63
21/07/2026;Selasa;15:15;19;1.1155;42.29;89.42;0.01
21/07/2026;Selasa;15:20;19;1.0874;26.89;38.41;0
21/07/2026;Selasa;15:25;19;1.1272;20.99;20.11;0.83
22/07/2026;Rabu;09:00;10;0.0405;17.18;15.74;0.33
22/07/2026;Rabu;09:05;10;0.0093;18.9;18.12;2.15
22/07/2026;Rabu;09:10;10;0.0129;24.54;55.26;4.38
22/07/2026;Rabu;09:15;10;0.0138;46.85;102.48;1.12
22/07/2026;Rabu;09:20;10;0.0134;19.17;15.72;0
22/07/2026;Rabu;09:25;10;0.0852;18.91;16.21;1
22/07/2026;Rabu;12:00;20;0.4614;28.31;60.71;0.74
22/07/2026;Rabu;12:05;20;0.4127;23.8;39.4;0.5
22/07/2026;Rabu;12:10;20;1.1517;22.34;25.83;0
22/07/2026;Rabu;12:15;20;2.5725;22.33;21.59;0
22/07/2026;Rabu;12:20;20;3.1286;26.28;38.42;0.65
22/07/2026;Rabu;12:25;20;3.3307;25.19;24.27;0
22/07/2026;Rabu;15:00;21;1.1611;24.83;50.24;0
22/07/2026;Rabu;15:05;21;1.15;68.74;208.54;0.37
22/07/2026;Rabu;15:10;21;1.1184;168.97;557.12;0
22/07/2026;Rabu;15:15;21;1.1015;23.83;30.33;0.65
22/07/2026;Rabu;15:20;21;1.1143;22.17;28.37;0
22/07/2026;Rabu;15:25;21;1.1266;37.17;134.03;1.44
23/07/2026;Kamis;09:00;11;1.2261;131.3;298.65;0.4
23/07/2026;Kamis;09:05;11;1.1187;42.28;68.52;2.04
23/07/2026;Kamis;09:10;11;1.1382;49.21;105.27;0.5
23/07/2026;Kamis;09:15;11;1.0964;59.92;125.19;3.33
23/07/2026;Kamis;09:20;11;1.0994;52.7;102.91;0
23/07/2026;Kamis;09:25;11;1.0638;44.86;119.22;1.31
23/07/2026;Kamis;12:00;16;4.1947;49.52;81.3;0
23/07/2026;Kamis;12:05;16;5.3259;148.76;329.39;3.77
23/07/2026;Kamis;12:10;16;1.1268;101.05;230.4;0
23/07/2026;Kamis;12:15;16;1.1003;28.46;42.63;0
23/07/2026;Kamis;12:20;16;1.0921;22.93;28.99;1.61
23/07/2026;Kamis;12:25;16;1.1032;60.71;169.05;1.18
23/07/2026;Kamis;15:00;19;1.1491;27.89;29.24;0.5
23/07/2026;Kamis;15:05;19;1.1675;27.35;38.09;0.5
23/07/2026;Kamis;15:10;19;1.1937;60.58;147.95;0
23/07/2026;Kamis;15:15;19;1.0477;54;108.88;0.97
23/07/2026;Kamis;15:20;19;1.098;37.04;52.02;0.43
23/07/2026;Kamis;15:25;19;1.1082;37.21;55.32;0
24/07/2026;Jumat;09:00;8;1.3439;21.82;21.99;0
24/07/2026;Jumat;09:05;8;1.2812;23.85;21.64;0.69
24/07/2026;Jumat;09:10;8;1.0909;20.68;19.8;0
24/07/2026;Jumat;09:15;8;1.0992;21.09;22.45;0.48
24/07/2026;Jumat;09:20;8;1.127;20.4;20.13;0
24/07/2026;Jumat;09:25;8;1.0992;19.79;17.81;0
24/07/2026;Jumat;12:00;6;1.0701;26.12;31.94;1
24/07/2026;Jumat;12:05;6;1.0482;53.88;118.15;0.77
24/07/2026;Jumat;12:10;6;1.0564;25.56;42.77;0
24/07/2026;Jumat;12:15;6;1.0728;22.66;23.39;0
24/07/2026;Jumat;12:20;6;1.113;15;94.56;0.04
24/07/2026;Jumat;12:25;6;1.1127;51.8;114.55;0
24/07/2026;Jumat;15:00;11;1.0761;51.85;130.17;0
24/07/2026;Jumat;15:05;11;1.092;31.82;65.3;0.54
24/07/2026;Jumat;15:10;11;1.1142;23.72;23.26;0
24/07/2026;Jumat;15:15;11;1.5475;25.28;33.41;0
24/07/2026;Jumat;15:20;11;1.1141;26.32;63.46;1.04
24/07/2026;Jumat;15:25;11;1.094;20.87;16.96;0.54
25/07/2026;Sabtu;09:00;4;1.1789;40.96;59.88;0.42
25/07/2026;Sabtu;09:05;4;1.0957;27.57;33.14;1.5
25/07/2026;Sabtu;09:10;4;0.637;105.21;278.68;4.61
25/07/2026;Sabtu;09:15;4;0.5973;24.04;44.97;4.63
25/07/2026;Sabtu;09:20;4;0.4655;21.45;23.61;0.15
25/07/2026;Sabtu;09:25;4;1.1938;75.51;175.18;0.92
25/07/2026;Sabtu;12:00;2;1.1739;19.68;21.48;0
25/07/2026;Sabtu;12:05;2;1.2271;43.57;120.96;0.92
25/07/2026;Sabtu;12:10;2;1.2274;40.6;83.84;0
25/07/2026;Sabtu;12:15;2;1.0514;23.54;30.52;0
25/07/2026;Sabtu;12:20;2;1.0222;67.06;216.71;3.26
25/07/2026;Sabtu;12:25;2;0.6372;112.64;355.11;6.77
25/07/2026;Sabtu;15:00;6;1.2251;21.9;12.61;0
25/07/2026;Sabtu;15:05;6;1.189;26.15;19.55;5.24
25/07/2026;Sabtu;15:10;6;1.2477;25.95;30.62;0
25/07/2026;Sabtu;15:15;6;1.2323;22.82;24.3;0
25/07/2026;Sabtu;15:20;6;1.2057;23.26;28.63;0
25/07/2026;Sabtu;15:25;6;1.1285;28.64;66.43;0.4
26/07/2026;Minggu;09:00;3;0.8692;23.03;29.57;0.85
26/07/2026;Minggu;09:05;3;1.1693;21.98;23.04;0.4
26/07/2026;Minggu;09:10;3;1.135;32.14;63.13;4.01
26/07/2026;Minggu;09:15;3;1.2018;23.96;27.92;0
26/07/2026;Minggu;09:20;3;1.222;22.16;18.94;0
26/07/2026;Minggu;09:25;3;1.2126;21.54;16.27;3.23
26/07/2026;Minggu;12:00;3;1.1821;22.15;15.5;0
26/07/2026;Minggu;12:05;3;1.2193;94.31;211.78;0
26/07/2026;Minggu;12:10;3;1.238;61.88;162.7;0
26/07/2026;Minggu;12:15;3;1.2566;24.51;26.7;0.56
26/07/2026;Minggu;12:20;3;1.2112;23.08;21.32;0
26/07/2026;Minggu;12:25;3;1.184;80.14;317.2;1.17
26/07/2026;Minggu;15:00;3;1.2793;21.06;21.87;2.51
26/07/2026;Minggu;15:05;3;1.2165;21.49;17.75;1.18
26/07/2026;Minggu;15:10;3;1.1237;22.47;28.48;4.3
26/07/2026;Minggu;15:15;3;1.1656;24;26.42;0
26/07/2026;Minggu;15:20;3;1.1829;30.86;78.86;0.46
26/07/2026;Minggu;15:25;3;1.2001;23.27;29.24;0.54
27/07/2026;Senin;09:00;14;0.6801;21.21;20.3;0
27/07/2026;Senin;09:05;14;1.1364;37.92;71.1;3.69
27/07/2026;Senin;09:10;14;1.1592;53.35;107.71;1.08
27/07/2026;Senin;09:15;14;1.1553;22;18.6;0
27/07/2026;Senin;09:20;14;1.0486;24.06;28.63;0
27/07/2026;Senin;09:25;14;1.1596;26.48;31.5;0
27/07/2026;Senin;12:00;20;1.431;53.25;5;0.12
27/07/2026;Senin;12:05;20;1.3152;42.49;81.86;0.28
27/07/2026;Senin;12:10;20;1.0946;15;17.75;0.05
27/07/2026;Senin;12:15;20;1.1638;84.67;5;0.41
27/07/2026;Senin;12:20;20;1.207;43.61;5;0.11
27/07/2026;Senin;12:25;20;1.1747;15;5;0.13
27/07/2026;Senin;15:00;18;1.0941;22.32;11.67;0
27/07/2026;Senin;15:05;18;1.0758;23.85;21.85;3.69
27/07/2026;Senin;15:10;18;1.1113;22.95;20.51;0.24
27/07/2026;Senin;15:15;18;1.0754;41.03;75.8;0.81
27/07/2026;Senin;15:20;18;1.0211;17.47;11.63;0
27/07/2026;Senin;15:25;18;0.7352;18.87;5;1.87
28/07/2026;Selasa;09:00;14;0.3874;7.01;7.01;3.7
28/07/2026;Selasa;09:05;14;0.0057;5;1;0
28/07/2026;Selasa;09:10;14;1.1415;36.21;58.14;0
28/07/2026;Selasa;09:15;14;1.1276;23.48;24.3;0
28/07/2026;Selasa;09:20;14;1.1059;23.73;26.1;2.11
28/07/2026;Selasa;09:25;14;1.1246;22.54;27.55;0
28/07/2026;Selasa;12:00;12;1.1856;22.25;17.45;0
28/07/2026;Selasa;12:05;12;1.0953;21.83;15.62;0
28/07/2026;Selasa;12:10;12;0.6391;22.87;16.08;0
28/07/2026;Selasa;12:15;12;0.9231;31.12;38.03;0
28/07/2026;Selasa;12:20;12;1.1107;50.4;110.65;0
28/07/2026;Selasa;12:25;12;1.0973;33.77;40.76;0
28/07/2026;Selasa;15:00;16;1.1319;21.12;19.14;0
28/07/2026;Selasa;15:05;16;1.1126;33.25;68.83;0.65
28/07/2026;Selasa;15:10;16;0.684;5.82;1.19;0
28/07/2026;Selasa;15:15;16;0.7265;18.87;41.7;0.31
28/07/2026;Selasa;15:20;16;0.5526;21.47;25.06;0.88
28/07/2026;Selasa;15:25;16;0.8687;27.24;5;0.56
29/07/2026;Rabu;09:00;8;0.8201;19.43;13.27;0.6
29/07/2026;Rabu;09:05;8;0.6025;22.12;21.9;0
29/07/2026;Rabu;09:10;8;0.639;23.26;29.57;0
29/07/2026;Rabu;09:15;8;0.652;21.89;26.04;3.69
29/07/2026;Rabu;09:20;8;0.668;22.32;28.3;0
29/07/2026;Rabu;09:25;8;0.5618;21.98;19.7;1.11
29/07/2026;Rabu;12:00;19;1.0269;21.29;19.11;0
29/07/2026;Rabu;12:05;19;0.8957;22.53;23.09;0
29/07/2026;Rabu;12:10;19;0.8648;26.58;36.86;0
29/07/2026;Rabu;12:15;19;0.8633;34.98;80.45;0.68
29/07/2026;Rabu;12:20;19;0.8857;30.35;44.84;0.5
29/07/2026;Rabu;12:25;19;1.3792;30.33;45.45;0.46
29/07/2026;Rabu;15:00;22;0.9132;16.76;20.31;1.44
29/07/2026;Rabu;15:05;22;0.8826;28.78;47.57;1.48
29/07/2026;Rabu;15:10;22;0.8506;34.31;54.59;3.33
29/07/2026;Rabu;15:15;22;0.021;25.05;60.45;0.26
29/07/2026;Rabu;15:20;22;0.3349;20.1;20.77;0.58
29/07/2026;Rabu;15:25;22;0.9181;29.79;69.89;0.67
30/07/2026;Kamis;09:00;10;0.4198;76.64;130.94;0.37
30/07/2026;Kamis;09:05;10;0.2233;27.05;36.61;0
30/07/2026;Kamis;09:10;10;0.2306;50.45;161.27;1.36
30/07/2026;Kamis;09:15;10;0.2765;81.18;342.51;0.9
30/07/2026;Kamis;09:20;10;0.2336;91.46;228.03;0.39
30/07/2026;Kamis;09:25;10;0.1645;22.78;26.7;0
30/07/2026;Kamis;12:00;18;1.034;51.58;112.24;0.83
30/07/2026;Kamis;12:05;18;0.9721;38.61;73.54;0.55
30/07/2026;Kamis;12:10;18;1.0052;26.7;26.74;0
30/07/2026;Kamis;12:15;18;1.1071;31.52;52.88;0.43
30/07/2026;Kamis;12:20;18;1.201;30.66;42.4;0
30/07/2026;Kamis;12:25;18;1.2547;29.52;36.35;0
30/07/2026;Kamis;15:00;20;1.3188;28.84;28.62;1.11
30/07/2026;Kamis;15:05;20;1.1873;28.08;26.56;0
30/07/2026;Kamis;15:10;20;1.1872;27.24;28.08;0.54
30/07/2026;Kamis;15:15;20;1.1667;38.11;71.8;1.15
30/07/2026;Kamis;15:20;20;1.1975;29.81;33.7;0.29
30/07/2026;Kamis;15:25;20;1.2206;30.9;32.43;0
31/07/2026;Jumat;09:00;7;2.3014;17.75;18.18;0
31/07/2026;Jumat;09:05;7;1.1082;25.75;23.92;0
31/07/2026;Jumat;09:10;7;1.2432;37.82;81.99;0.69
31/07/2026;Jumat;09:15;7;0.7023;22.12;18.22;0
31/07/2026;Jumat;09:20;7;1.1356;23.21;19.66;0
31/07/2026;Jumat;09:25;7;0.8171;24.11;18.79;0
31/07/2026;Jumat;12:00;15;0.9603;38.86;110.82;0.59
31/07/2026;Jumat;12:05;15;1.3808;35.47;85.78;0.81
31/07/2026;Jumat;12:10;15;1.0936;40.06;91.9;0.5
31/07/2026;Jumat;12:15;15;1.3883;37.57;79.69;0
31/07/2026;Jumat;12:20;15;0.8057;30.15;93.97;0.99
31/07/2026;Jumat;12:25;15;0.9572;21.24;29.91;0
31/07/2026;Jumat;15:00;17;0.9039;9.14;6.11;0
31/07/2026;Jumat;15:05;17;0.7714;25.13;20.86;1.27
31/07/2026;Jumat;15:10;17;0.7113;21.72;24.32;0.5
31/07/2026;Jumat;15:15;17;0.797;28.35;79.3;2.11
31/07/2026;Jumat;15:20;17;0.7773;123.16;393.14;0.08
31/07/2026;Jumat;15:25;17;0.7611;22.93;20.94;0.68
01/08/2026;Sabtu;09:00;3;0.8367;17.6;13.17;0.83
01/08/2026;Sabtu;09:05;3;0.6951;21.44;19.69;0
01/08/2026;Sabtu;09:10;3;0.7215;30.83;81.59;0.53
01/08/2026;Sabtu;09:15;3;1.2524;22.96;26.47;0
01/08/2026;Sabtu;09:20;3;1.1788;21.02;21.15;0
01/08/2026;Sabtu;09:25;3;1.3309;21.81;23.78;0.29
01/08/2026;Sabtu;12:00;2;1.1165;16.03;20.21;0
01/08/2026;Sabtu;12:05;2;1.7124;20.7;19;0
01/08/2026;Sabtu;12:10;2;1.1284;21.33;20.54;0.54
01/08/2026;Sabtu;12:15;2;1.2043;30.41;82.63;0.97
01/08/2026;Sabtu;12:20;2;1.767;25.94;26.92;0
01/08/2026;Sabtu;12:25;2;1.9454;22.03;30.01;0
01/08/2026;Sabtu;15:00;2;1.1211;32.61;53.86;1.39
01/08/2026;Sabtu;15:05;2;0.9764;26.19;39.16;0.43
01/08/2026;Sabtu;15:10;2;0.8576;37.99;65.13;0
01/08/2026;Sabtu;15:15;2;0.6279;25.6;37.77;1
01/08/2026;Sabtu;15:20;2;0.8095;34.25;69.81;0.63
01/08/2026;Sabtu;15:25;2;0.6104;21.65;24.69;0.5
02/08/2026;Minggu;09:00;3;0.8022;11.59;11.84;0
02/08/2026;Minggu;09:05;3;0.6319;19.44;22.24;0
02/08/2026;Minggu;09:10;3;1.3959;21.5;23.56;0
02/08/2026;Minggu;09:15;3;2.3411;21.57;17;0
02/08/2026;Minggu;09:20;3;2.0517;40.38;73.79;1.99
02/08/2026;Minggu;09:25;3;2.1774;24.57;29.44;0
02/08/2026;Minggu;12:00;3;2.0046;28.28;187.68;0
02/08/2026;Minggu;12:05;3;2.1677;70.54;34.81;0
02/08/2026;Minggu;12:10;3;1.9003;34.47;34.03;0
02/08/2026;Minggu;12:15;3;2.274;33.52;5;0.13
02/08/2026;Minggu;12:20;3;1.7757;62.12;5;0
02/08/2026;Minggu;12:25;3;1.7669;43.21;5;0.14
02/08/2026;Minggu;15:00;5;2.0891;18.3;76.75;0
02/08/2026;Minggu;15:05;5;1.7896;25.9;5;0
02/08/2026;Minggu;15:10;5;1.6323;15;18.65;0.02
02/08/2026;Minggu;15:15;5;1.821;27.69;5;0.07
02/08/2026;Minggu;15:20;5;1.5847;21.18;38.8;0.1
02/08/2026;Minggu;15:25;5;1.729;15;30.11;0.09
03/08/2026;Senin;09:00;13;1.4429;28.4;35.86;0
03/08/2026;Senin;09:05;13;1.2997;23.18;21.46;1.64
03/08/2026;Senin;09:10;13;1.2138;31.73;75.29;1.22
03/08/2026;Senin;09:15;13;1.0294;27.36;51.98;0
03/08/2026;Senin;09:20;13;0.977;26.64;39.56;0.65
03/08/2026;Senin;09:25;13;1.17;25.25;34.61;0
03/08/2026;Senin;12:00;33;0.3496;20.1;19.6;0
03/08/2026;Senin;12:05;33;0.3591;22.13;25.84;0
03/08/2026;Senin;12:10;33;0.4021;21.25;23.56;0.32
03/08/2026;Senin;12:15;33;0.7824;38.79;95.78;0.82
03/08/2026;Senin;12:20;33;0.7949;20.58;21.18;0
03/08/2026;Senin;12:25;33;0.6664;106.84;267.65;0
03/08/2026;Senin;15:00;20;0.6986;16.68;25.52;0.56
03/08/2026;Senin;15:05;20;0.8652;22.14;17.23;6.49
03/08/2026;Senin;15:10;20;0.7921;20.64;19.68;1.36
03/08/2026;Senin;15:15;20;0.6389;30.5;68.4;3.97
03/08/2026;Senin;15:20;20;0.6869;22.35;25.41;2.07
03/08/2026;Senin;15:25;20;1.0973;22.16;16.48;4.56
